full_name,team,games_played,minutes,points,field_goals_made,field_goals_attempted,free_throws_made,free_throws_attempted,offensive_rebounds,defensive_rebounds,assists,steals,blocks,personal_fouls,turnovers,salary,game_score,value_score
Keon Ellis,Sacramento Kings,80,1948.19,666.0,227.0,464.0,73.0,86.0,60.0,152.0,120.0,121.0,63.0,176.0,71.0,683430,622.1,910.2614752059466
Toumani Camara,Portland Trail Blazers,78,2548.05,882.0,328.0,716.0,91.0,126.0,173.0,277.0,175.0,116.0,50.0,230.0,109.0,1119563,774.7,691.9664190402863
Jalen Wilson,Brooklyn Nets,79,2031.39,749.0,246.0,620.0,135.0,165.0,75.0,195.0,145.0,40.0,5.0,164.0,79.0,850000,512.8,603.2941176470588
Spencer Dinwiddie,Los Angeles Lakers,79,2136.08,872.0,284.0,682.0,195.0,243.0,18.0,191.0,349.0,70.0,17.0,121.0,102.0,1554654,734.7,472.58103732406056
Shake Milton,New York Knicks,57,836.277,315.0,115.0,254.0,47.0,59.0,31.0,73.0,102.0,25.0,4.0,67.0,40.0,552938,254.39999999999998,460.08774944026266
Malik Beasley,Milwaukee Bucks,82,2282.95,1336.0,461.0,1071.0,95.0,140.0,47.0,167.0,139.0,73.0,5.0,125.0,83.0,2019760,876.5000000000001,433.9624509842754
Trayce Jackson-Davis,Golden State Warriors,62,966.787,407.0,174.0,302.0,59.0,102.0,122.0,189.0,104.0,23.0,38.0,73.0,45.0,1119563,438.3,391.4920375182102
Aaron Wiggins,Oklahoma City Thunder,76,1743.9,914.0,355.0,728.0,74.0,89.0,81.0,214.0,134.0,60.0,18.0,101.0,69.0,1836096,718.3000000000002,391.210481369166
Naji Marshall,New Orleans Pelicans,69,1919.08,914.0,362.0,712.0,130.0,160.0,76.0,252.0,208.0,70.0,11.0,109.0,112.0,1930681,744.9000000000001,385.8224118847184
Christian Braun,Denver Nuggets,79,2675.38,1218.0,476.0,821.0,177.0,214.0,98.0,312.0,205.0,85.0,37.0,170.0,81.0,2949120,1086.5000000000005,368.4149848090279
Alperen Sengun,Houston Rockets,76,2394.98,1451.0,567.0,1143.0,296.0,428.0,262.0,524.0,372.0,84.0,61.0,209.0,194.0,3536280,1275.0000000000002,360.548372866402
Quentin Grimes,Detroit Pistons,75,2013.09,1092.0,384.0,823.0,162.0,214.0,59.0,265.0,228.0,74.0,22.0,138.0,141.0,2385720,822.3,344.67582113575776
Kelly Oubre Jr.,Philadelphia 76ers,60,2078.19,906.0,348.0,741.0,139.0,185.0,97.0,271.0,108.0,92.0,30.0,180.0,80.0,2019706,693.9000000000001,343.56485547896585
Santi Aldama,Memphis Grizzlies,65,1659.65,811.0,313.0,648.0,65.0,94.0,94.0,322.0,188.0,52.0,29.0,76.0,71.0,2194200,735.9000000000001,335.38419469510535
Max Christie,Los Angeles Lakers,78,2127.14,749.0,252.0,590.0,130.0,152.0,38.0,220.0,146.0,64.0,31.0,115.0,88.0,1719864,574.5,334.0380402171334
Ty Jerome,Cleveland Cavaliers,70,1392.4,878.0,319.0,618.0,129.0,148.0,50.0,123.0,237.0,78.0,3.0,102.0,92.0,2439025,750.5,307.70492307376924
Derrick Jones Jr.,Dallas Mavericks,77,1873.39,781.0,310.0,589.0,83.0,118.0,93.0,170.0,60.0,79.0,33.0,153.0,66.0,2019706,611.7,302.8658626552578
Dominick Barlow,San Antonio Spurs,35,374.998,148.0,60.0,113.0,21.0,33.0,35.0,50.0,19.0,9.0,16.0,47.0,5.0,455620,137.3,301.3476142399368
Goga Bitadze,Orlando Magic,70,1429.46,502.0,207.0,339.0,85.0,133.0,167.0,296.0,137.0,49.0,98.0,150.0,72.0,2062585,615.5,298.4119442350255
Taj Gibson,Detroit Pistons,37,408.85,107.0,47.0,95.0,12.0,20.0,51.0,69.0,21.0,9.0,18.0,54.0,25.0,348225,102.19999999999999,293.4884054849594
Isaiah Joe,Oklahoma City Thunder,74,1603.98,756.0,259.0,588.0,46.0,56.0,41.0,155.0,119.0,48.0,9.0,113.0,38.0,1997238,573.5999999999999,287.19661853019016
Walker Kessler,Utah Jazz,58,1740.32,641.0,278.0,419.0,79.0,152.0,266.0,441.0,97.0,36.0,138.0,130.0,86.0,2831160,810.7,286.34905833651226
Desmond Bane,Memphis Grizzlies,69,2205.23,1327.0,493.0,1018.0,177.0,198.0,62.0,356.0,369.0,80.0,28.0,164.0,169.0,3845083,1076.7,280.0199631581425
Miles McBride,New York Knicks,64,1593.45,611.0,222.0,547.0,52.0,64.0,47.0,114.0,187.0,67.0,17.0,108.0,41.0,1836096,504.79999999999984,274.9311582836626
Andrew Nembhard,Indiana Pacers,65,1880.67,653.0,247.0,539.0,108.0,136.0,34.0,182.0,326.0,79.0,11.0,149.0,112.0,2131905,585.0000000000001,274.40247102943147
Jose Alvarado,New Orleans Pelicans,56,1365.9,579.0,204.0,521.0,60.0,74.0,27.0,109.0,259.0,74.0,14.0,91.0,86.0,1836096,484.5999999999999,263.92955488166194
Jalen Williams,Oklahoma City Thunder,69,2236.67,1490.0,565.0,1168.0,236.0,299.0,59.0,310.0,354.0,111.0,46.0,158.0,150.0,4558680,1185.3,260.00947642738686
Trey Murphy III,New Orleans Pelicans,53,1854.23,1124.0,381.0,839.0,204.0,230.0,47.0,221.0,188.0,56.0,39.0,112.0,103.0,3359280,845.0000000000001,251.54199709461554
Sam Hauser,Boston Celtics,71,1541.13,605.0,214.0,474.0,11.0,11.0,44.0,180.0,64.0,41.0,13.0,87.0,23.0,1927896,480.7000000000001,249.33917597214793
Luke Kornet,Boston Celtics,73,1361.06,441.0,187.0,280.0,67.0,97.0,190.0,198.0,117.0,36.0,71.0,119.0,31.0,2413304,589.1999999999999,244.14661393674393
Payton Pritchard,Boston Celtics,80,2270.88,1144.0,409.0,866.0,71.0,84.0,102.0,205.0,279.0,70.0,14.0,118.0,83.0,4037278,973.9999999999998,241.25165519936942
Lindy Waters III,Oklahoma City Thunder,52,778.41,256.0,92.0,249.0,8.0,11.0,20.0,90.0,52.0,27.0,11.0,62.0,20.0,766095,184.6,240.9622827456125
Jalen Duren,Detroit Pistons,78,2033.55,918.0,378.0,546.0,162.0,242.0,277.0,530.0,209.0,54.0,89.0,251.0,136.0,4330680,1034.1,238.78467122946049
Tyrese Haliburton,Indiana Pacers,73,2450.39,1359.0,476.0,1006.0,189.0,222.0,42.0,216.0,673.0,105.0,49.0,92.0,120.0,5808435,1379.8,237.5510787329117
Tyrese Maxey,Philadelphia 76ers,52,1960.19,1369.0,477.0,1091.0,254.0,289.0,15.0,159.0,317.0,91.0,21.0,116.0,124.0,4343920,997.5,229.63130076060332
Haywood Highsmith,Miami Heat,74,1818.33,478.0,179.0,391.0,31.0,43.0,72.0,180.0,112.0,68.0,37.0,164.0,54.0,1902137,428.19999999999993,225.11522566460772
Tyrese Martin,Philadelphia 76ers,60,1315.32,523.0,189.0,465.0,46.0,58.0,58.0,161.0,122.0,34.0,9.0,77.0,74.0,1719864,378.09999999999997,219.84296432741192
Jaden McDaniels,Minnesota Timberwolves,82,2614.41,1000.0,398.0,834.0,104.0,128.0,129.0,341.0,163.0,110.0,74.0,225.0,95.0,3901399,849.3,217.69114104965936
Delon Wright,Miami Heat,40,634.497,125.0,45.0,131.0,15.0,25.0,27.0,39.0,77.0,35.0,12.0,25.0,22.0,661628,143.20000000000002,216.43582194223947
AJ Green,Milwaukee Bucks,73,1659.14,541.0,182.0,424.0,22.0,27.0,18.0,156.0,108.0,37.0,7.0,157.0,40.0,1801769,389.09999999999997,215.95443145042455
Gui Santos,Golden State Warriors,56,761.523,227.0,82.0,179.0,29.0,42.0,72.0,100.0,80.0,25.0,10.0,91.0,42.0,1029483,219.30000000000007,213.01954476178827
Russell Westbrook,LA Clippers,75,2092.29,994.0,373.0,831.0,154.0,233.0,102.0,268.0,457.0,106.0,37.0,188.0,242.0,3835738,816.3,212.81432673451627
Brice Sensabaugh,Utah Jazz,71,1431.92,772.0,275.0,599.0,65.0,73.0,42.0,168.0,110.0,46.0,8.0,111.0,107.0,2448600,516.5000000000001,210.93686188025816
Peyton Watson,Denver Nuggets,68,1655.73,551.0,204.0,428.0,95.0,137.0,47.0,186.0,94.0,48.0,93.0,123.0,56.0,2303520,478.6,207.7689796485379
Julian Champagnie,San Antonio Spurs,82,1932.13,815.0,276.0,665.0,85.0,94.0,67.0,251.0,111.0,61.0,35.0,114.0,74.0,3000000,622.1,207.36666666666667
Jalen Johnson,Atlanta Hawks,36,1284.18,680.0,271.0,542.0,94.0,126.0,62.0,297.0,181.0,56.0,36.0,67.0,106.0,2925360,603.8,206.40194711078294
Bismack Biyombo,Oklahoma City Thunder,28,527.487,144.0,67.0,114.0,10.0,25.0,43.0,115.0,31.0,16.0,23.0,52.0,27.0,754488,155.6,206.23257096202985
Keyonte George,Utah Jazz,67,2108.48,1125.0,359.0,919.0,233.0,285.0,26.0,227.0,377.0,46.0,9.0,111.0,183.0,3889800,779.6,200.42161550722403
Sam Merrill,Cleveland Cavaliers,71,1401.28,509.0,172.0,424.0,28.0,29.0,38.0,119.0,108.0,53.0,14.0,124.0,35.0,1997238,396.7,198.6243001585189
Brandin Podziemski,Golden State Warriors,64,1716.35,747.0,280.0,629.0,72.0,95.0,65.0,260.0,220.0,69.0,13.0,95.0,75.0,3352440,652.1,194.51503979191276
Dalano Banton,Portland Trail Blazers,67,1119.94,559.0,198.0,507.0,91.0,125.0,30.0,105.0,160.0,43.0,34.0,58.0,86.0,2019706,391.80000000000007,193.9886300283309
Keon Johnson,Brooklyn Nets,79,1925.2,839.0,303.0,779.0,107.0,139.0,63.0,234.0,175.0,82.0,30.0,209.0,116.0,2808720,542.3000000000001,193.07727363354127
Franz Wagner,Orlando Magic,60,2023.31,1449.0,537.0,1161.0,271.0,311.0,56.0,286.0,284.0,75.0,21.0,147.0,138.0,5508720,1051.8,190.933647017819
Day'Ron Sharpe,Brooklyn Nets,50,907.458,397.0,165.0,317.0,56.0,74.0,149.0,181.0,91.0,41.0,42.0,113.0,63.0,2210040,418.40000000000003,189.31784040107874
Kris Dunn,Utah Jazz,74,1782.92,474.0,192.0,437.0,15.0,22.0,53.0,198.0,210.0,128.0,27.0,197.0,74.0,2586665,479.6999999999998,185.4511504195556
Julian Phillips,Chicago Bulls,79,1122.91,366.0,128.0,287.0,60.0,76.0,67.0,102.0,39.0,38.0,20.0,108.0,27.0,1600000,296.50000000000006,185.31250000000003
Jaxson Hayes,Los Angeles Lakers,56,1092.68,383.0,161.0,223.0,61.0,98.0,78.0,191.0,58.0,31.0,51.0,136.0,43.0,2165000,398.29999999999984,183.97228637413386
Brandon Boston,LA Clippers,42,992.78,448.0,166.0,381.0,67.0,85.0,28.0,106.0,92.0,53.0,9.0,73.0,52.0,1836096,334.40000000000003,182.12555334797312
Andre Jackson Jr.,Milwaukee Bucks,67,980.092,230.0,94.0,197.0,12.0,24.0,65.0,117.0,83.0,34.0,14.0,114.0,58.0,1119563,203.8,182.03531199226842
Dyson Daniels,New Orleans Pelicans,76,2571.17,1073.0,455.0,923.0,83.0,140.0,124.0,325.0,333.0,229.0,55.0,175.0,155.0,5784120,1046.0,180.8399549110323
Jeremiah Robinson-Earl,New Orleans Pelicans,66,1238.9,418.0,158.0,347.0,46.0,55.0,110.0,205.0,88.0,39.0,7.0,79.0,51.0,2196970,396.1,180.29376823534233
Tari Eason,Houston Rockets,57,1420.19,686.0,272.0,559.0,79.0,104.0,128.0,234.0,83.0,97.0,50.0,136.0,65.0,3527160,624.0000000000001,176.91287041132247
Mouhamed Gueye,Atlanta Hawks,33,532.757,197.0,72.0,171.0,32.0,42.0,44.0,95.0,27.0,28.0,33.0,55.0,15.0,1119563,194.40000000000003,173.6391788581795
Cam Thomas,Brooklyn Nets,25,781.157,599.0,199.0,454.0,133.0,151.0,15.0,68.0,94.0,15.0,2.0,44.0,62.0,2240160,387.1,172.80015713163348
Mark Williams,Charlotte Hornets,44,1171.05,671.0,270.0,447.0,131.0,163.0,132.0,315.0,109.0,32.0,54.0,105.0,71.0,3908160,673.3,172.28056169655284
Nikola Jović,Miami Heat,46,1155.68,494.0,172.0,377.0,72.0,87.0,26.0,154.0,131.0,38.0,13.0,82.0,60.0,2352000,403.29999999999995,171.47108843537413
A.J. Lawson,Dallas Mavericks,26,486.41,236.0,80.0,190.0,43.0,63.0,20.0,66.0,31.0,13.0,6.0,44.0,15.0,1000000,167.1,167.1
Sandro Mamukelashvili,San Antonio Spurs,61,681.208,385.0,141.0,281.0,43.0,58.0,62.0,125.0,48.0,22.0,17.0,60.0,26.0,2019760,337.0999999999999,166.90101794272582
Anthony Edwards,Minnesota Timberwolves,79,2871.06,2177.0,721.0,1612.0,415.0,496.0,61.0,389.0,359.0,91.0,51.0,150.0,249.0,9219512,1533.0000000000002,166.27778129688429
Thomas Bryant,Miami Heat,66,963.017,429.0,163.0,321.0,55.0,64.0,83.0,168.0,53.0,28.0,41.0,76.0,30.0,2528233,407.8,161.29842463095767
Jaylin Williams,Oklahoma City Thunder,47,784.055,278.0,97.0,221.0,23.0,30.0,48.0,214.0,120.0,22.0,29.0,79.0,35.0,2000000,316.8,158.4
Jabari Walker,Portland Trail Blazers,60,749.165,313.0,118.0,229.0,49.0,71.0,59.0,152.0,37.0,33.0,6.0,87.0,34.0,1719864,272.29999999999995,158.32647232571875
Deni Avdija,Washington Wizards,72,2161.15,1219.0,402.0,844.0,290.0,372.0,110.0,412.0,281.0,71.0,35.0,171.0,196.0,6263188,984.6000000000001,157.20428637939656
Trendon Watford,Brooklyn Nets,44,912.677,450.0,164.0,350.0,93.0,122.0,37.0,123.0,115.0,27.0,12.0,95.0,83.0,2019706,316.69999999999993,156.80500033173143
Josh Giddey,Oklahoma City Thunder,70,2116.64,1022.0,371.0,798.0,175.0,224.0,127.0,439.0,503.0,84.0,45.0,122.0,202.0,6587040,1029.6000000000001,156.3069299715806
Jaden Hardy,Dallas Mavericks,57,907.438,496.0,180.0,414.0,60.0,86.0,9.0,80.0,81.0,28.0,5.0,90.0,82.0,1719864,268.30000000000007,156.00070703264913
Patty Mills,Miami Heat,29,320.655,111.0,36.0,96.0,13.0,14.0,4.0,18.0,26.0,13.0,3.0,24.0,17.0,475908,72.70000000000002,152.76061759835937
Julian Strawther,Denver Nuggets,65,1383.47,588.0,210.0,486.0,74.0,90.0,17.0,125.0,83.0,39.0,16.0,151.0,57.0,2431080,365.69999999999993,150.42697072905867
Orlando Robinson,Miami Heat,44,769.802,303.0,116.0,261.0,54.0,70.0,89.0,131.0,77.0,17.0,16.0,100.0,49.0,1801769,254.99999999999994,141.52757650953032
Jaime Jaquez Jr.,Miami Heat,66,1368.38,570.0,213.0,462.0,107.0,142.0,84.0,206.0,166.0,61.0,14.0,81.0,98.0,3510600,495.0000000000001,141.00153819859855
Shaedon Sharpe,Portland Trail Blazers,72,2252.33,1335.0,499.0,1104.0,190.0,242.0,68.0,256.0,198.0,62.0,16.0,120.0,150.0,6313800,879.2,139.25053058380058
Moses Moody,Golden State Warriors,74,1649.15,724.0,246.0,568.0,106.0,133.0,52.0,137.0,96.0,59.0,31.0,116.0,54.0,3918480,539.0000000000001,137.55333700822771
Evan Mobley,Cleveland Cavaliers,71,2166.55,1316.0,505.0,906.0,221.0,305.0,164.0,495.0,226.0,61.0,113.0,141.0,145.0,8882760,1210.3999999999999,136.26395399628043
Jake LaRavia,Memphis Grizzlies,66,1349.28,458.0,160.0,337.0,78.0,115.0,90.0,169.0,158.0,62.0,23.0,132.0,86.0,3199920,434.9000000000001,135.90964774119357
Nick Smith Jr.,Charlotte Hornets,60,1368.75,591.0,222.0,568.0,43.0,46.0,13.0,115.0,145.0,17.0,6.0,79.0,82.0,2463960,333.7,135.43239338300944
Amir Coffey,LA Clippers,72,1747.54,696.0,240.0,510.0,115.0,129.0,32.0,129.0,77.0,40.0,7.0,120.0,45.0,3666667,496.29999999999995,135.3545331495879
Nickeil Alexander-Walker,Minnesota Timberwolves,82,2073.1,773.0,270.0,616.0,92.0,118.0,54.0,211.0,223.0,50.0,34.0,139.0,99.0,4687500,615.8,131.37066666666666
Ochai Agbaji,Toronto Raptors,64,1738.67,667.0,266.0,534.0,34.0,48.0,61.0,181.0,98.0,58.0,30.0,125.0,54.0,4114200,534.6,129.94020708764765
Scottie Barnes,Toronto Raptors,65,2134.13,1252.0,474.0,1063.0,228.0,302.0,109.0,393.0,378.0,93.0,63.0,113.0,184.0,8008560,1034.5999999999997,129.18677015593312
Devin Vassell,San Antonio Spurs,64,1983.19,1041.0,394.0,889.0,95.0,120.0,34.0,221.0,183.0,84.0,33.0,108.0,88.0,5887899,760.3999999999999,129.146237053319
Corey Kispert,Washington Wizards,61,1601.52,705.0,255.0,565.0,75.0,88.0,36.0,145.0,103.0,26.0,14.0,98.0,64.0,3722040,479.69999999999993,128.88093626076022
Garrison Mathews,Atlanta Hawks,47,829.508,353.0,102.0,257.0,64.0,78.0,13.0,74.0,60.0,26.0,15.0,81.0,31.0,2000000,254.70000000000005,127.35000000000002
Ivica Zubac,LA Clippers,80,2624.18,1340.0,592.0,942.0,156.0,236.0,300.0,710.0,214.0,55.0,90.0,168.0,127.0,10933333,1382.0,126.40244287812327
DeAndre Jordan,Denver Nuggets,56,690.702,209.0,91.0,140.0,27.0,64.0,84.0,200.0,53.0,16.0,27.0,74.0,40.0,2019706,253.79999999999995,125.66185375495245
Cade Cunningham,Detroit Pistons,70,2451.95,1830.0,684.0,1457.0,313.0,370.0,56.0,369.0,638.0,71.0,53.0,195.0,309.0,11055240,1378.4999999999998,124.6920012591314
Onyeka Okongwu,Atlanta Hawks,74,2063.93,988.0,388.0,684.0,164.0,216.0,220.0,440.0,168.0,69.0,68.0,193.0,90.0,8109063,996.5999999999999,122.8995261228085
Aaron Holiday,Houston Rockets,62,792.247,340.0,117.0,268.0,34.0,41.0,13.0,65.0,83.0,19.0,11.0,64.0,37.0,2019706,247.2,122.39405141144306
Miles Bridges,Charlotte Hornets,64,2028.73,1300.0,469.0,1089.0,221.0,254.0,72.0,409.0,248.0,44.0,45.0,93.0,136.0,7921301,961.0999999999997,121.33107932648939
Drew Eubanks,Phoenix Suns,61,746.01,280.0,115.0,194.0,47.0,71.0,60.0,166.0,54.0,12.0,39.0,63.0,41.0,2346614,283.30000000000007,120.72714131936486
KJ Martin,Philadelphia 76ers,43,911.498,274.0,111.0,201.0,37.0,47.0,30.0,95.0,48.0,17.0,22.0,101.0,24.0,1930681,224.79999999999993,116.43559966664608
Bennedict Mathurin,Indiana Pacers,72,2149.32,1156.0,391.0,853.0,276.0,332.0,87.0,296.0,136.0,47.0,24.0,162.0,135.0,6916080,801.8000000000002,115.932724896184
Craig Porter Jr.,Cleveland Cavaliers,51,513.265,188.0,72.0,140.0,23.0,32.0,19.0,48.0,71.0,17.0,15.0,25.0,38.0,1500000,172.10000000000002,114.73333333333335
Marcus Sasser,Detroit Pistons,57,810.787,375.0,137.0,296.0,43.0,51.0,18.0,51.0,133.0,37.0,4.0,72.0,54.0,2623680,297.4000000000001,113.3522380778144
Amen Thompson,Houston Rockets,69,2225.42,970.0,388.0,697.0,169.0,247.0,192.0,372.0,265.0,97.0,89.0,167.0,138.0,8809320,992.0999999999999,112.61936222092056
Ben Sheppard,Indiana Pacers,63,1229.56,332.0,120.0,287.0,24.0,27.0,44.0,133.0,85.0,38.0,14.0,125.0,22.0,2537160,283.90000000000003,111.89676646328967
Jalen Green,Houston Rockets,82,2697.11,1723.0,608.0,1437.0,273.0,336.0,45.0,332.0,282.0,71.0,27.0,127.0,203.0,9891480,1099.7,111.17648723952331
Gradey Dick,Toronto Raptors,54,1587.37,777.0,265.0,647.0,133.0,155.0,44.0,149.0,98.0,48.0,10.0,120.0,83.0,4536720,489.4,107.87529316334268
Immanuel Quickley,Toronto Raptors,33,917.753,564.0,184.0,438.0,111.0,128.0,16.0,101.0,191.0,23.0,4.0,61.0,58.0,4171548,442.80000000000007,106.1476459098637
Cason Wallace,Oklahoma City Thunder,68,1876.26,568.0,232.0,489.0,30.0,37.0,71.0,158.0,173.0,120.0,35.0,145.0,59.0,5291000,561.4,106.1047061047061
Davion Mitchell,Sacramento Kings,74,2027.31,588.0,223.0,476.0,58.0,84.0,35.0,132.0,363.0,72.0,16.0,185.0,128.0,5063760,533.0000000000001,105.25775313205999
Svi Mykhailiuk,Boston Celtics,38,760.307,334.0,118.0,302.0,28.0,35.0,22.0,68.0,76.0,19.0,7.0,43.0,52.0,2019706,210.7,104.32211420870166
Simone Fontecchio,Detroit Pistons,75,1236.68,446.0,150.0,373.0,70.0,84.0,52.0,163.0,65.0,31.0,12.0,95.0,54.0,3044872,317.5,104.27367718577334
Daniel Theis,LA Clippers,38,621.242,162.0,61.0,129.0,31.0,37.0,44.0,120.0,60.0,18.0,20.0,70.0,25.0,1741126,181.5,104.24288649988571
Jeremy Sochan,San Antonio Spurs,54,1363.97,617.0,251.0,469.0,87.0,125.0,127.0,225.0,128.0,45.0,27.0,131.0,84.0,5316960,547.4,102.95356745207788
Cam Whitmore,Houston Rockets,51,826.585,477.0,179.0,403.0,54.0,72.0,36.0,115.0,49.0,31.0,13.0,44.0,46.0,3218160,329.80000000000007,102.48092077460414
Obi Toppin,Indiana Pacers,79,1544.81,833.0,317.0,599.0,89.0,114.0,56.0,262.0,128.0,46.0,28.0,108.0,68.0,6803012,692.3000000000001,101.76374817507305
Bol Bol,Phoenix Suns,36,448.483,244.0,96.0,183.0,20.0,26.0,20.0,84.0,22.0,9.0,25.0,20.0,20.0,2019706,204.99999999999997,101.49992127567081
Nick Richards,Charlotte Hornets,57,1256.22,529.0,205.0,347.0,119.0,160.0,148.0,318.0,49.0,14.0,55.0,141.0,81.0,5000000,500.1,100.02000000000001
Austin Reaves,Los Angeles Lakers,73,2550.09,1475.0,477.0,1037.0,321.0,366.0,61.0,268.0,421.0,81.0,22.0,151.0,177.0,12015150,1198.7,99.76571245469262
Ziaire Williams,Memphis Grizzlies,63,1541.4,632.0,214.0,520.0,101.0,123.0,61.0,226.0,84.0,62.0,28.0,149.0,67.0,4810200,469.0999999999999,97.52193255997669
Coby White,Chicago Bulls,74,2450.26,1509.0,508.0,1121.0,277.0,307.0,25.0,248.0,330.0,69.0,16.0,154.0,177.0,11111111,1080.0000000000002,97.20000097200004
Jalen Pickett,Denver Nuggets,49,666.19,200.0,77.0,180.0,6.0,8.0,15.0,56.0,107.0,19.0,5.0,38.0,24.0,2019706,189.50000000000006,93.82553698409575
Isaiah Stewart,Detroit Pistons,72,1433.85,435.0,176.0,315.0,66.0,87.0,130.0,269.0,123.0,28.0,101.0,183.0,68.0,5266713,491.79999999999995,93.3789253373024
Lester Quinones,Golden State Warriors,13,183.367,86.0,31.0,78.0,11.0,13.0,4.0,15.0,24.0,3.0,2.0,18.0,14.0,548815,50.30000000000001,91.65201388446016
Keegan Murray,Sacramento Kings,76,2610.17,942.0,364.0,820.0,60.0,72.0,146.0,361.0,109.0,61.0,69.0,186.0,60.0,8409000,770.4999999999998,91.62801760019023
Caleb Houstan,Orlando Magic,58,787.99,239.0,80.0,190.0,15.0,17.0,19.0,56.0,35.0,22.0,6.0,62.0,13.0,2000000,180.2,90.1
Josh Hart,New York Knicks,77,2896.83,1051.0,404.0,770.0,159.0,205.0,161.0,576.0,453.0,119.0,27.0,201.0,158.0,12960000,1157.2999999999997,89.2978395061728
Mason Plumlee,LA Clippers,74,1300.05,333.0,125.0,202.0,83.0,128.0,116.0,339.0,134.0,33.0,47.0,154.0,59.0,5000000,445.5999999999999,89.11999999999998
Josh Okogie,Phoenix Suns,40,624.978,283.0,94.0,212.0,63.0,85.0,45.0,68.0,33.0,48.0,19.0,47.0,31.0,2815937,249.9000000000001,88.74488314191692
Rayan Rupert,Portland Trail Blazers,52,459.542,155.0,58.0,142.0,23.0,30.0,26.0,44.0,25.0,16.0,4.0,37.0,30.0,1119563,98.9,88.33803903844625
Precious Achiuwa,New York Knicks,57,1169.61,379.0,164.0,327.0,41.0,69.0,101.0,216.0,55.0,47.0,42.0,81.0,45.0,4379527,377.50000000000006,86.19652304917861
Bilal Coulibaly,Washington Wizards,59,1947.51,727.0,263.0,624.0,138.0,185.0,91.0,203.0,199.0,78.0,41.0,139.0,125.0,6614280,566.6,85.66314096167686
Kessler Edwards,Sacramento Kings,40,608.46,168.0,67.0,135.0,12.0,13.0,22.0,93.0,42.0,19.0,20.0,62.0,16.0,1927896,164.8,85.48178947412102
Hunter Tyson,Denver Nuggets,51,399.935,134.0,45.0,120.0,21.0,28.0,25.0,53.0,20.0,10.0,6.0,44.0,14.0,1119563,95.19999999999999,85.03317812396442
Jordan Hawkins,New Orleans Pelicans,56,1320.5,604.0,207.0,556.0,80.0,98.0,25.0,133.0,66.0,30.0,23.0,51.0,58.0,4310160,361.7,83.91799840377155
Andre Drummond,Chicago Bulls,40,750.633,293.0,117.0,234.0,56.0,90.0,109.0,201.0,34.0,39.0,18.0,94.0,55.0,3360000,281.80000000000007,83.86904761904765
Jalen Smith,Indiana Pacers,64,962.383,524.0,190.0,408.0,72.0,89.0,89.0,268.0,65.0,17.0,44.0,95.0,37.0,5604192,468.5999999999999,83.61597889579798
Noah Clowney,Brooklyn Nets,46,1042.29,420.0,133.0,372.0,67.0,80.0,43.0,138.0,40.0,24.0,21.0,105.0,46.0,3089520,257.8,83.44338279085426
Jonathan Kuminga,Golden State Warriors,47,1144.08,719.0,258.0,568.0,157.0,235.0,56.0,161.0,104.0,38.0,21.0,90.0,71.0,6012840,499.4000000000001,83.05559436139995
Kris Murray,Portland Trail Blazers,69,1040.39,287.0,117.0,279.0,26.0,57.0,76.0,106.0,68.0,35.0,17.0,66.0,43.0,2847480,236.20000000000005,82.95053872195767
Malik Monk,Sacramento Kings,65,2054.11,1117.0,412.0,939.0,154.0,178.0,30.0,215.0,362.0,61.0,38.0,158.0,159.0,9945830,819.1999999999998,82.36617758397236
Seth Curry,Charlotte Hornets,68,1061.96,444.0,164.0,343.0,33.0,39.0,24.0,89.0,60.0,27.0,7.0,59.0,32.0,4000000,328.9,82.225
Lonnie Walker IV,Brooklyn Nets,20,476.703,247.0,89.0,212.0,24.0,30.0,6.0,57.0,50.0,10.0,5.0,27.0,25.0,2019706,165.8,82.09115584149377
Cole Anthony,Orlando Magic,67,1234.11,630.0,230.0,543.0,93.0,113.0,46.0,158.0,191.0,45.0,32.0,151.0,103.0,5539771,451.20000000000005,81.44741001026938
Duop Reath,Portland Trail Blazers,46,469.427,194.0,70.0,166.0,20.0,22.0,44.0,48.0,26.0,12.0,14.0,41.0,16.0,1951220,157.8,80.87247978188006
Cory Joseph,Golden State Warriors,50,611.733,177.0,62.0,154.0,14.0,18.0,17.0,57.0,72.0,26.0,4.0,50.0,18.0,2019706,162.60000000000002,80.50676682645891
Dereck Lively II,Dallas Mavericks,36,832.737,314.0,134.0,191.0,46.0,73.0,104.0,166.0,85.0,20.0,56.0,100.0,41.0,4775640,383.40000000000003,80.28243334924744
T.J. McConnell,Indiana Pacers,79,1415.43,720.0,324.0,624.0,57.0,77.0,44.0,149.0,351.0,83.0,21.0,79.0,109.0,8700000,683.1,78.51724137931035
Isaiah Hartenstein,New York Knicks,57,1589.64,637.0,279.0,480.0,79.0,117.0,163.0,448.0,219.0,47.0,62.0,171.0,96.0,9245121,725.1999999999999,78.44137464506954
Victor Wembanyama,San Antonio Spurs,46,1527.25,1116.0,408.0,857.0,158.0,189.0,82.0,424.0,168.0,52.0,176.0,105.0,149.0,12160680,953.3,78.39199781591161
Josh Green,Dallas Mavericks,68,1887.5,506.0,180.0,421.0,49.0,72.0,56.0,116.0,108.0,74.0,15.0,165.0,70.0,4765339,372.20000000000005,78.10567097115232
Anthony Black,Orlando Magic,78,1886.99,736.0,262.0,620.0,150.0,197.0,52.0,178.0,240.0,86.0,48.0,166.0,139.0,7245480,560.0,77.28956535660853
Nic Claxton,Brooklyn Nets,70,1881.73,724.0,320.0,568.0,79.0,154.0,157.0,358.0,157.0,62.0,100.0,150.0,87.0,9625000,736.6,76.52987012987013
Dalen Terry,Chicago Bulls,73,987.178,326.0,120.0,268.0,49.0,69.0,38.0,86.0,97.0,44.0,15.0,114.0,53.0,3350760,254.59999999999997,75.98276211963852
Aaron Nesmith,Indiana Pacers,45,1121.62,541.0,192.0,379.0,73.0,80.0,37.0,141.0,54.0,35.0,17.0,114.0,37.0,5634257,419.9999999999999,74.54399044984989
Ayo Dosunmu,Chicago Bulls,46,1393.88,566.0,221.0,449.0,62.0,79.0,26.0,135.0,208.0,43.0,18.0,105.0,69.0,6481481,482.20000000000005,74.3965769551743
Maxwell Lewis,Los Angeles Lakers,28,327.688,116.0,45.0,108.0,7.0,10.0,18.0,37.0,19.0,9.0,7.0,29.0,14.0,1119563,82.5,73.68946633641876
Blake Wesley,San Antonio Spurs,58,683.107,217.0,81.0,186.0,38.0,61.0,17.0,44.0,114.0,37.0,6.0,46.0,54.0,2504640,183.69999999999996,73.34387377028233
Colby Jones,Sacramento Kings,39,514.648,157.0,59.0,129.0,23.0,35.0,21.0,66.0,44.0,26.0,13.0,37.0,23.0,2019706,148.1,73.32750410208219
LaMelo Ball,Charlotte Hornets,47,1504.47,1184.0,406.0,1003.0,193.0,229.0,47.0,185.0,346.0,54.0,13.0,157.0,167.0,10900635,793.8000000000003,72.82144572311616
Jericho Sims,New York Knicks,53,631.245,98.0,45.0,71.0,8.0,13.0,71.0,126.0,33.0,10.0,19.0,65.0,33.0,1927896,139.20000000000002,72.20306489561678
Paolo Banchero,Orlando Magic,46,1581.53,1191.0,412.0,911.0,280.0,385.0,51.0,294.0,219.0,36.0,28.0,97.0,136.0,11608080,834.1000000000001,71.85512160495105
Taurean Prince,Los Angeles Lakers,80,2165.86,656.0,235.0,514.0,39.0,48.0,34.0,253.0,155.0,76.0,15.0,165.0,82.0,7455000,533.3,71.53588195841716
Ausar Thompson,Detroit Pistons,59,1327.71,594.0,246.0,460.0,91.0,142.0,111.0,192.0,134.0,98.0,40.0,164.0,80.0,7977480,559.4999999999999,70.1349298274643
John Konchar,Memphis Grizzlies,46,558.223,112.0,41.0,91.0,7.0,8.0,37.0,114.0,42.0,30.0,14.0,32.0,16.0,2400000,164.8,68.66666666666667
Naz Reid,Minnesota Timberwolves,80,2200.12,1138.0,426.0,923.0,111.0,143.0,92.0,388.0,181.0,58.0,72.0,189.0,108.0,12950400,881.8000000000003,68.09056090931557
Olivier-Maxence Prosper,Dallas Mavericks,52,584.07,201.0,70.0,174.0,49.0,76.0,44.0,82.0,40.0,26.0,6.0,28.0,14.0,2733360,184.8,67.60909649661956
Mo Bamba,Philadelphia 76ers,32,413.485,138.0,52.0,112.0,19.0,27.0,32.0,113.0,18.0,9.0,31.0,56.0,20.0,2019706,134.4,66.5443386314642
Nikola Vučević,Chicago Bulls,73,2278.25,1349.0,550.0,1038.0,120.0,149.0,178.0,557.0,256.0,61.0,52.0,163.0,119.0,18518519,1214.9,65.60459829428045
Eric Gordon,Phoenix Suns,39,768.492,266.0,87.0,204.0,36.0,48.0,8.0,38.0,65.0,26.0,12.0,32.0,28.0,3196448,209.3,65.47893161409164
Charles Bassey,San Antonio Spurs,36,375.515,157.0,68.0,117.0,21.0,33.0,56.0,96.0,17.0,14.0,30.0,50.0,23.0,2600000,169.4,65.15384615384616
GG Jackson,Memphis Grizzlies,29,458.615,209.0,74.0,199.0,29.0,40.0,27.0,65.0,29.0,12.0,5.0,30.0,31.0,1991428,126.10000000000002,63.321395501117806
Kenrich Williams,Oklahoma City Thunder,69,1131.54,436.0,171.0,354.0,28.0,39.0,65.0,176.0,97.0,43.0,10.0,110.0,39.0,6175000,385.40000000000003,62.41295546558705
Shai Gilgeous-Alexander,Oklahoma City Thunder,76,2597.63,2484.0,860.0,1656.0,601.0,669.0,67.0,312.0,486.0,131.0,77.0,164.0,183.0,33386850,2058.6000000000004,61.65900646512026
Jarace Walker,Indiana Pacers,75,1186.62,461.0,170.0,360.0,46.0,69.0,25.0,204.0,110.0,54.0,25.0,115.0,78.0,6059520,371.0,61.22597169412759
Jarrett Allen,Cleveland Cavaliers,82,2296.05,1103.0,452.0,640.0,199.0,277.0,216.0,582.0,158.0,77.0,73.0,127.0,97.0,20000000,1221.2999999999997,61.06499999999998
Royce O'Neale,Phoenix Suns,75,1836.87,680.0,241.0,570.0,19.0,26.0,53.0,296.0,163.0,67.0,33.0,151.0,65.0,9500000,579.3000000000001,60.97894736842106
Scoot Henderson,Portland Trail Blazers,66,1759.07,837.0,287.0,685.0,158.0,206.0,52.0,146.0,335.0,68.0,13.0,181.0,177.0,9770880,595.5,60.9464040086461
Kevon Looney,Golden State Warriors,76,1142.16,344.0,143.0,278.0,56.0,99.0,185.0,277.0,118.0,46.0,37.0,154.0,39.0,7500000,455.9,60.78666666666666
Jordan Walsh,Boston Celtics,52,403.003,82.0,30.0,83.0,7.0,12.0,23.0,46.0,19.0,12.0,11.0,30.0,17.0,1119563,67.8,60.559343243747776
Grayson Allen,Phoenix Suns,64,1543.7,680.0,219.0,489.0,93.0,114.0,34.0,160.0,137.0,54.0,19.0,95.0,75.0,8925000,538.9,60.38095238095237
Cameron Payne,Philadelphia 76ers,72,1089.98,500.0,179.0,446.0,49.0,54.0,14.0,90.0,203.0,39.0,16.0,111.0,52.0,6500000,390.1,60.01538461538462
Josh Minott,Minnesota Timberwolves,46,276.275,119.0,44.0,90.0,17.0,19.0,12.0,35.0,18.0,15.0,12.0,34.0,11.0,1719864,103.1,59.946600428871115
Dennis Schröder,Brooklyn Nets,75,2104.78,980.0,336.0,827.0,181.0,216.0,27.0,171.0,404.0,66.0,12.0,180.0,142.0,12405000,734.9,59.242241031842
Georges Niang,Cleveland Cavaliers,79,1697.23,784.0,286.0,620.0,46.0,58.0,47.0,225.0,111.0,28.0,14.0,201.0,82.0,8800000,513.1,58.30681818181818
Vince Williams Jr.,Memphis Grizzlies,27,498.547,179.0,67.0,167.0,19.0,24.0,22.0,76.0,55.0,12.0,7.0,45.0,33.0,2232308,129.50000000000003,58.01170806179076
Jabari Smith Jr.,Houston Rockets,57,1715.58,698.0,248.0,566.0,104.0,126.0,105.0,294.0,60.0,25.0,41.0,123.0,61.0,9326520,539.4000000000001,57.835076748883836
Derrick White,Boston Celtics,76,2573.61,1248.0,424.0,959.0,135.0,161.0,67.0,274.0,361.0,72.0,80.0,138.0,131.0,18357143,1059.5,57.71595285824161
Tyus Jones,Washington Wizards,81,2173.52,829.0,306.0,683.0,51.0,57.0,40.0,156.0,429.0,69.0,8.0,63.0,91.0,14000000,804.4,57.457142857142856
Daniel Gafford,Dallas Mavericks,57,1226.09,701.0,283.0,403.0,135.0,196.0,155.0,233.0,80.0,23.0,102.0,152.0,66.0,12402000,709.7000000000002,57.22464118690535
Wendell Moore Jr.,Minnesota Timberwolves,36,498.917,150.0,59.0,126.0,18.0,22.0,30.0,65.0,42.0,20.0,5.0,31.0,27.0,2421720,137.8,56.90170622532746
Kyle Lowry,Philadelphia 76ers,35,659.448,138.0,41.0,117.0,27.0,33.0,11.0,56.0,96.0,33.0,11.0,62.0,21.0,2795839,156.7,56.047576416238556
OG Anunoby,New York Knicks,74,2705.78,1332.0,489.0,1027.0,183.0,226.0,97.0,261.0,164.0,110.0,65.0,172.0,102.0,18642857,1037.1999999999998,55.63524946846934
Dean Wade,Cleveland Cavaliers,59,1252.45,320.0,112.0,271.0,16.0,30.0,51.0,198.0,76.0,42.0,20.0,101.0,22.0,5709877,311.4,54.537076718114946
Donte DiVincenzo,New York Knicks,62,1605.73,723.0,250.0,593.0,49.0,63.0,32.0,196.0,225.0,73.0,17.0,114.0,99.0,10960000,581.3,53.038321167883204
Anthony Gill,Washington Wizards,51,397.575,129.0,43.0,88.0,33.0,50.0,18.0,48.0,16.0,9.0,2.0,30.0,10.0,1997239,104.39999999999999,52.272161719253425
Jalen Suggs,Orlando Magic,35,1002.45,567.0,197.0,481.0,97.0,110.0,23.0,118.0,129.0,51.0,33.0,98.0,102.0,7252080,378.59999999999997,52.205712016414594
Tyler Herro,Miami Heat,77,2725.08,1840.0,651.0,1378.0,287.0,327.0,35.0,364.0,424.0,69.0,17.0,85.0,198.0,27000000,1399.2000000000003,51.82222222222223
Al Horford,Boston Celtics,60,1658.57,538.0,195.0,461.0,34.0,38.0,79.0,290.0,128.0,36.0,51.0,81.0,46.0,10000000,516.9000000000001,51.69000000000001
Trey Lyles,Sacramento Kings,69,1349.52,451.0,157.0,374.0,56.0,80.0,80.0,236.0,82.0,41.0,23.0,86.0,39.0,8000000,410.3,51.2875
Zach Collins,San Antonio Spurs,64,977.06,407.0,153.0,302.0,69.0,78.0,102.0,186.0,111.0,29.0,29.0,132.0,60.0,7700000,394.6,51.24675324675325
Jonas Valančiūnas,New Orleans Pelicans,81,1523.76,843.0,345.0,627.0,145.0,165.0,190.0,437.0,164.0,37.0,46.0,181.0,120.0,15435000,789.8000000000001,51.16942014901199
Harrison Barnes,Sacramento Kings,82,2230.06,1011.0,347.0,683.0,161.0,199.0,97.0,213.0,136.0,39.0,14.0,75.0,50.0,17000000,852.3,50.13529411764706
Mikal Bridges,Brooklyn Nets,82,3036.08,1444.0,592.0,1183.0,96.0,118.0,71.0,188.0,306.0,75.0,43.0,127.0,132.0,21700000,1086.5,50.06912442396314
Jalen Brunson,New York Knicks,65,2300.71,1690.0,585.0,1200.0,368.0,448.0,27.0,160.0,475.0,60.0,8.0,138.0,164.0,26346666,1297.8,49.25860448528857
Norman Powell,LA Clippers,60,1957.99,1306.0,457.0,945.0,213.0,265.0,21.0,169.0,125.0,73.0,9.0,114.0,108.0,18000000,885.1,49.172222222222224
David Roddy,Phoenix Suns,33,409.753,153.0,57.0,125.0,20.0,26.0,13.0,71.0,35.0,14.0,9.0,20.0,22.0,2718240,131.10000000000002,48.22973688857496
Bobby Portis,Milwaukee Bucks,49,1243.68,680.0,277.0,595.0,61.0,73.0,90.0,321.0,104.0,35.0,26.0,94.0,57.0,11710818,560.1999999999999,47.83611187536173
Cam Reddish,Los Angeles Lakers,33,589.45,105.0,38.0,94.0,16.0,26.0,17.0,49.0,22.0,33.0,10.0,43.0,12.0,2165000,103.2,47.66743648960739
Malaki Branham,San Antonio Spurs,47,426.555,235.0,87.0,190.0,27.0,33.0,7.0,44.0,38.0,11.0,2.0,29.0,34.0,3071880,145.9,47.49534487024233
Jaden Ivey,Detroit Pistons,30,898.033,528.0,190.0,413.0,85.0,116.0,40.0,84.0,119.0,28.0,11.0,67.0,89.0,7641480,358.90000000000003,46.96734140506813
Dru Smith,Miami Heat,14,268.205,87.0,31.0,61.0,9.0,12.0,12.0,24.0,23.0,21.0,6.0,30.0,17.0,1801769,83.4,46.28784267017581
Collin Sexton,Utah Jazz,63,1757.76,1159.0,416.0,867.0,217.0,251.0,60.0,111.0,264.0,47.0,6.0,144.0,160.0,17325000,798.6,46.095238095238095
Jayson Tatum,Boston Celtics,72,2623.82,1932.0,662.0,1465.0,358.0,440.0,48.0,575.0,431.0,76.0,38.0,157.0,209.0,32600060,1477.1000000000001,45.309732558774435
DeMar DeRozan,Chicago Bulls,77,2767.61,1710.0,624.0,1308.0,378.0,441.0,50.0,248.0,342.0,62.0,32.0,150.0,105.0,28600000,1287.0,45.0
Alex Len,Sacramento Kings,46,379.79,74.0,32.0,63.0,8.0,17.0,38.0,57.0,38.0,9.0,21.0,56.0,20.0,2019760,90.69999999999999,44.906325504020266
Domantas Sabonis,Sacramento Kings,70,2428.88,1337.0,527.0,893.0,218.0,289.0,267.0,705.0,423.0,48.0,26.0,229.0,202.0,30600000,1361.4,44.490196078431374
Nikola Jokić,Denver Nuggets,70,2570.76,2071.0,786.0,1364.0,361.0,451.0,200.0,692.0,716.0,127.0,45.0,160.0,230.0,47607350,2107.9,44.27677659016938
Dante Exum,Dallas Mavericks,20,372.31,174.0,64.0,134.0,23.0,31.0,4.0,29.0,56.0,12.0,3.0,34.0,22.0,3000000,131.79999999999998,43.93333333333333
Wendell Carter Jr.,Orlando Magic,68,1758.27,618.0,226.0,491.0,129.0,175.0,151.0,341.0,134.0,52.0,41.0,199.0,77.0,13050000,572.1999999999999,43.84674329501915
Jaden Springer,Boston Celtics,43,365.175,109.0,35.0,90.0,27.0,38.0,17.0,41.0,33.0,24.0,4.0,42.0,16.0,2226240,96.89999999999999,43.526304441569636
Cody Martin,Charlotte Hornets,53,1173.21,358.0,136.0,325.0,43.0,61.0,53.0,171.0,105.0,56.0,32.0,95.0,51.0,7560000,329.0,43.51851851851852
Bones Hyland,LA Clippers,24,238.77,149.0,47.0,118.0,23.0,26.0,5.0,20.0,32.0,18.0,4.0,29.0,25.0,2306400,100.10000000000002,43.40097121054458
Jaren Jackson Jr.,Memphis Grizzlies,74,2206.95,1641.0,592.0,1213.0,311.0,398.0,91.0,326.0,148.0,92.0,113.0,257.0,153.0,27102202,1174.3,43.328582673835875
Caleb Martin,Miami Heat,45,1218.02,356.0,129.0,304.0,61.0,98.0,53.0,124.0,95.0,46.0,23.0,87.0,56.0,6802950,292.1,42.93725516136382
Myles Turner,Indiana Pacers,72,2173.64,1120.0,390.0,811.0,184.0,238.0,90.0,381.0,111.0,54.0,144.0,183.0,123.0,20975000,900.3,42.92252681764004
Gary Payton II,Golden State Warriors,62,927.177,400.0,171.0,298.0,27.0,38.0,53.0,132.0,83.0,52.0,17.0,108.0,39.0,8715000,371.8999999999999,42.673551348250136
Alex Caruso,Chicago Bulls,54,1040.64,382.0,140.0,314.0,42.0,51.0,38.0,121.0,137.0,87.0,30.0,102.0,37.0,9460000,403.59999999999997,42.663847780126844
Jakob Poeltl,Toronto Raptors,57,1685.75,824.0,363.0,579.0,97.0,144.0,189.0,358.0,158.0,66.0,71.0,176.0,111.0,19500000,829.7000000000002,42.54871794871796
Jordan McLaughlin,Minnesota Timberwolves,46,314.277,98.0,31.0,72.0,17.0,22.0,6.0,24.0,51.0,16.0,1.0,18.0,16.0,2320000,98.6,42.5
Brandon Clarke,Memphis Grizzlies,64,1206.86,534.0,236.0,380.0,61.0,87.0,127.0,199.0,66.0,52.0,36.0,145.0,41.0,12500000,525.0,42.0
Caris LeVert,Cleveland Cavaliers,64,1596.11,776.0,280.0,599.0,110.0,155.0,41.0,162.0,215.0,57.0,33.0,99.0,76.0,15384616,643.0,41.794998328200066
James Harden,LA Clippers,79,2789.04,1802.0,531.0,1295.0,505.0,578.0,55.0,401.0,687.0,118.0,55.0,162.0,341.0,35640000,1469.1000000000001,41.22053872053873
Terance Mann,LA Clippers,67,1414.25,517.0,205.0,413.0,47.0,68.0,68.0,131.0,121.0,47.0,15.0,128.0,47.0,10576923,432.40000000000003,40.88145484277422
Patrick Williams,Chicago Bulls,63,1576.33,566.0,205.0,516.0,60.0,83.0,43.0,194.0,124.0,48.0,32.0,88.0,86.0,9835881,401.90000000000003,40.86060008249388
Zeke Nnaji,Denver Nuggets,57,607.967,184.0,70.0,141.0,27.0,44.0,33.0,57.0,23.0,25.0,38.0,62.0,14.0,4306281,175.6,40.7776454903895
Karl-Anthony Towns,Minnesota Timberwolves,72,2516.72,1759.0,639.0,1215.0,339.0,409.0,212.0,708.0,222.0,71.0,50.0,249.0,192.0,36016200,1466.7000000000003,40.72334116314326
Chet Holmgren,Oklahoma City Thunder,32,876.54,479.0,167.0,341.0,101.0,134.0,48.0,209.0,63.0,23.0,71.0,72.0,56.0,10386000,422.19999999999993,40.65087617947236
Kyle Anderson,Minnesota Timberwolves,61,1002.09,357.0,142.0,303.0,48.0,65.0,53.0,153.0,145.0,40.0,33.0,81.0,37.0,9219512,373.1,40.468519374995125
Devin Booker,Phoenix Suns,75,2794.97,1923.0,654.0,1420.0,432.0,483.0,76.0,229.0,529.0,67.0,16.0,198.0,220.0,36016200,1441.3999999999999,40.020879493116986
Rui Hachimura,Los Angeles Lakers,59,1868.82,775.0,293.0,576.0,87.0,113.0,79.0,216.0,83.0,45.0,26.0,105.0,49.0,15740741,629.0000000000001,39.959999341835314
Dwight Powell,Dallas Mavericks,55,550.86,114.0,42.0,61.0,28.0,43.0,47.0,71.0,55.0,18.0,21.0,75.0,18.0,4000000,159.50000000000003,39.87500000000001
P.J. Washington,Dallas Mavericks,57,1834.86,836.0,301.0,665.0,143.0,198.0,82.0,360.0,131.0,63.0,60.0,131.0,118.0,16847826,660.6,39.2098066539861
Torrey Craig,Chicago Bulls,26,313.947,108.0,38.0,90.0,8.0,12.0,27.0,46.0,17.0,8.0,12.0,34.0,8.0,2528233,98.0,38.76225015653225
Giannis Antetokounmpo,Milwaukee Bucks,67,2288.63,2036.0,793.0,1319.0,436.0,707.0,147.0,651.0,433.0,58.0,78.0,155.0,206.0,45640084,1767.3999999999996,38.724731532045375
Bam Adebayo,Miami Heat,78,2673.69,1410.0,540.0,1113.0,251.0,328.0,185.0,564.0,337.0,98.0,53.0,162.0,161.0,32600060,1260.0000000000002,38.650235613063295
Moritz Wagner,Orlando Magic,30,564.157,386.0,140.0,249.0,79.0,110.0,40.0,108.0,42.0,24.0,12.0,55.0,49.0,8000000,306.5,38.3125
Tre Jones,San Antonio Spurs,46,904.972,330.0,128.0,238.0,55.0,67.0,31.0,85.0,192.0,37.0,10.0,55.0,35.0,9895833,378.4,38.23831707750121
Anfernee Simons,Portland Trail Blazers,70,2291.9,1348.0,479.0,1125.0,175.0,194.0,25.0,164.0,337.0,60.0,5.0,117.0,143.0,24107143,920.8,38.1961479218006
Kevin Porter Jr.,Milwaukee Bucks,75,1482.02,771.0,293.0,652.0,130.0,169.0,42.0,236.0,256.0,81.0,13.0,119.0,136.0,15860000,602.0999999999999,37.96343001261034
Luguentz Dort,Oklahoma City Thunder,71,2073.3,719.0,258.0,593.0,33.0,46.0,89.0,204.0,115.0,79.0,39.0,208.0,51.0,15277778,578.0,37.832726722433065
Donovan Mitchell,Cleveland Cavaliers,71,2232.03,1701.0,585.0,1320.0,298.0,362.0,57.0,265.0,354.0,95.0,17.0,140.0,149.0,33162030,1254.5000000000002,37.829409116390046
Keldon Johnson,San Antonio Spurs,77,1838.0,979.0,371.0,770.0,150.0,194.0,112.0,259.0,125.0,49.0,22.0,115.0,77.0,20000000,755.8000000000001,37.790000000000006
De'Andre Hunter,Atlanta Hawks,64,1740.02,1088.0,358.0,762.0,215.0,254.0,44.0,214.0,92.0,50.0,13.0,155.0,82.0,20089286,756.7,37.66684390873822
Jarred Vanderbilt,Los Angeles Lakers,36,580.858,147.0,59.0,121.0,20.0,36.0,68.0,114.0,41.0,35.0,10.0,67.0,29.0,4698000,176.19999999999996,37.505321413367376
Kentavious Caldwell-Pope,Denver Nuggets,77,2279.04,673.0,239.0,544.0,82.0,95.0,33.0,136.0,136.0,99.0,34.0,136.0,62.0,14704938,548.1,37.27319353539607
Brook Lopez,Milwaukee Bucks,80,2546.07,1041.0,394.0,774.0,114.0,138.0,113.0,288.0,143.0,50.0,148.0,171.0,84.0,25000000,913.9999999999999,36.559999999999995
Trae Young,Atlanta Hawks,76,2739.06,1841.0,566.0,1376.0,491.0,561.0,36.0,200.0,880.0,91.0,12.0,145.0,355.0,40064220,1463.8000000000004,36.53634090467755
Tristan Thompson,Cleveland Cavaliers,40,328.17,69.0,31.0,71.0,7.0,30.0,32.0,102.0,24.0,2.0,11.0,36.0,14.0,2019796,73.6,36.43932357525215
Tre Mann,Charlotte Hornets,13,319.045,183.0,70.0,161.0,19.0,21.0,12.0,26.0,39.0,7.0,4.0,24.0,25.0,3191280,116.20000000000002,36.41172194229276
RJ Barrett,Toronto Raptors,58,1868.8,1223.0,460.0,982.0,196.0,311.0,61.0,305.0,314.0,46.0,17.0,137.0,166.0,23883929,864.7000000000003,36.20426103259645
Darius Garland,Cleveland Cavaliers,75,2300.77,1544.0,554.0,1174.0,224.0,255.0,47.0,167.0,506.0,91.0,11.0,143.0,189.0,34005250,1221.1000000000001,35.90916108542064
Lauri Markkanen,Utah Jazz,47,1475.84,892.0,296.0,700.0,162.0,185.0,72.0,206.0,70.0,33.0,17.0,79.0,66.0,17259999,619.7,35.90382595039548
Julius Randle,New York Knicks,69,2225.53,1288.0,455.0,939.0,270.0,335.0,144.0,343.0,323.0,47.0,16.0,175.0,196.0,28226880,1008.7,35.73544082803342
Chris Boucher,Toronto Raptors,50,862.3,502.0,182.0,370.0,68.0,87.0,70.0,154.0,33.0,24.0,25.0,68.0,29.0,11750000,411.79999999999995,35.04680851063829
Luke Kennard,Memphis Grizzlies,65,1471.69,576.0,206.0,431.0,51.0,57.0,37.0,146.0,215.0,50.0,5.0,59.0,72.0,15418363,532.4,34.53025460614723
Jamal Murray,Denver Nuggets,67,2418.35,1436.0,531.0,1121.0,218.0,246.0,45.0,216.0,403.0,91.0,33.0,128.0,138.0,33833400,1155.8,34.1615090413615
JT Thor,Charlotte Hornets,20,249.317,71.0,25.0,59.0,15.0,22.0,20.0,28.0,6.0,8.0,9.0,17.0,9.0,1836096,62.000000000000014,33.76729757049741
Pascal Siakam,Indiana Pacers,78,2547.85,1578.0,613.0,1182.0,226.0,308.0,133.0,407.0,263.0,70.0,42.0,189.0,109.0,37893408,1277.1000000000001,33.70243183194291
De'Aaron Fox,Sacramento Kings,62,2241.14,1459.0,539.0,1163.0,263.0,318.0,54.0,244.0,392.0,91.0,25.0,164.0,174.0,32600060,1092.8000000000002,33.521410696790134
Jordan Poole,Washington Wizards,68,2000.89,1391.0,457.0,1057.0,242.0,274.0,31.0,172.0,303.0,86.0,27.0,201.0,204.0,27955357,927.0,33.16001294492501
Michael Porter Jr.,Denver Nuggets,77,2593.26,1398.0,528.0,1048.0,149.0,194.0,138.0,402.0,165.0,50.0,38.0,157.0,104.0,33386850,1100.1000000000001,32.950098616670935
Andrew Wiggins,Golden State Warriors,60,1842.28,1078.0,376.0,839.0,196.0,257.0,89.0,180.0,158.0,60.0,50.0,101.0,99.0,24330357,799.2000000000002,32.84785340387731
Cameron Johnson,Brooklyn Nets,57,1799.76,1070.0,355.0,747.0,201.0,225.0,54.0,193.0,194.0,53.0,25.0,104.0,99.0,25679348,840.8999999999999,32.7461585083858
Brandon Miller,Charlotte Hornets,27,923.565,568.0,198.0,491.0,68.0,79.0,25.0,106.0,98.0,29.0,20.0,74.0,76.0,10880400,354.4000000000001,32.57233189956253
Buddy Hield,Philadelphia 76ers,82,1862.99,912.0,328.0,786.0,53.0,64.0,51.0,213.0,134.0,69.0,23.0,132.0,91.0,19279841,623.3000000000002,32.32910478877913
Dorian Finney-Smith,Brooklyn Nets,63,1818.68,549.0,195.0,435.0,30.0,45.0,80.0,167.0,90.0,58.0,23.0,136.0,56.0,13932008,449.30000000000007,32.24947904135571
D'Angelo Russell,Los Angeles Lakers,58,1480.42,732.0,249.0,638.0,121.0,145.0,20.0,142.0,297.0,56.0,23.0,115.0,108.0,17307693,558.0000000000001,32.23999871040006
Kevin Huerter,Sacramento Kings,69,1678.99,681.0,257.0,604.0,35.0,49.0,30.0,175.0,156.0,66.0,23.0,121.0,67.0,15669643,504.79999999999995,32.21515640145726
Tim Hardaway Jr.,Dallas Mavericks,77,2152.79,844.0,276.0,680.0,124.0,145.0,18.0,165.0,123.0,38.0,7.0,96.0,48.0,17897728,574.7000000000002,32.11022091742595
Moses Brown,Portland Trail Blazers,13,118.577,76.0,34.0,49.0,8.0,11.0,12.0,32.0,2.0,6.0,4.0,17.0,11.0,2019706,64.5,31.935341084296432
Jaylen Brown,Boston Celtics,63,2157.93,1398.0,518.0,1118.0,246.0,322.0,82.0,286.0,286.0,73.0,19.0,154.0,162.0,31830357,998.3000000000002,31.363141795739214
Isaac Okoro,Cleveland Cavaliers,55,1053.2,337.0,124.0,267.0,33.0,46.0,49.0,81.0,68.0,32.0,16.0,104.0,23.0,8920795,279.3,31.308868772345964
Gary Trent Jr.,Toronto Raptors,74,1893.4,824.0,283.0,657.0,78.0,92.0,20.0,148.0,87.0,72.0,4.0,124.0,42.0,18560000,574.1999999999999,30.9375
Zach LaVine,Chicago Bulls,74,2602.48,1724.0,625.0,1223.0,235.0,285.0,22.0,293.0,310.0,58.0,12.0,121.0,208.0,40064220,1228.2000000000003,30.655782141771393
Duncan Robinson,Miami Heat,74,1785.59,817.0,290.0,663.0,47.0,53.0,18.0,149.0,176.0,40.0,6.0,135.0,86.0,18154000,551.2,30.36245455546987
LeBron James,Los Angeles Lakers,70,2444.45,1710.0,651.0,1270.0,259.0,331.0,72.0,474.0,575.0,70.0,39.0,99.0,260.0,47607350,1445.4000000000003,30.36085814480328
Dillon Brooks,Houston Rockets,75,2388.26,1053.0,384.0,895.0,99.0,121.0,75.0,200.0,128.0,60.0,16.0,242.0,76.0,22627671,671.8,29.689312700365846
Kobe Brown,LA Clippers,40,272.22,77.0,33.0,72.0,5.0,7.0,19.0,46.0,24.0,7.0,4.0,23.0,12.0,2413320,71.5,29.62723550958845
Aaron Gordon,Denver Nuggets,51,1446.72,748.0,264.0,497.0,145.0,179.0,80.0,167.0,164.0,23.0,14.0,82.0,73.0,22266182,640.0,28.743140606683266
Draymond Green,Golden State Warriors,68,1983.31,613.0,216.0,509.0,101.0,147.0,74.0,340.0,383.0,99.0,70.0,219.0,174.0,22321429,632.9999999999999,28.35839945551873
Max Strus,Cleveland Cavaliers,50,1272.72,471.0,165.0,373.0,28.0,34.0,53.0,164.0,158.0,26.0,12.0,104.0,54.0,14487684,409.19999999999993,28.244680102078423
Chris Paul,Golden State Warriors,82,2292.16,723.0,249.0,583.0,85.0,92.0,33.0,263.0,605.0,103.0,22.0,151.0,129.0,30800000,866.2000000000002,28.12337662337663
Nicolas Batum,Philadelphia 76ers,78,1367.37,313.0,104.0,238.0,17.0,21.0,47.0,171.0,84.0,52.0,36.0,111.0,34.0,11710818,328.20000000000005,28.025369363608934
Luka Dončić,Dallas Mavericks,50,1768.55,1408.0,461.0,1025.0,309.0,395.0,40.0,369.0,383.0,89.0,21.0,126.0,179.0,40064220,1121.6000000000001,27.995053940897893
Gabe Vincent,Los Angeles Lakers,72,1527.27,460.0,168.0,420.0,15.0,21.0,20.0,72.0,98.0,51.0,13.0,152.0,41.0,10500000,293.3,27.933333333333334
Kelly Olynyk,Toronto Raptors,44,890.998,384.0,134.0,268.0,83.0,108.0,62.0,144.0,128.0,33.0,19.0,123.0,76.0,12195122,337.30000000000007,27.658599889365608
Anthony Davis,Los Angeles Lakers,51,1705.49,1261.0,470.0,910.0,286.0,369.0,134.0,456.0,181.0,59.0,110.0,98.0,113.0,40600080,1119.8999999999999,27.583689490267012
Jett Howard,Orlando Magic,60,701.107,267.0,98.0,262.0,16.0,23.0,20.0,50.0,44.0,13.0,11.0,68.0,36.0,5026800,137.3,27.31359910877696
Kevin Love,Miami Heat,23,251.453,122.0,41.0,115.0,16.0,23.0,22.0,72.0,22.0,15.0,4.0,21.0,14.0,3835738,102.89999999999999,26.82664978682068
Alec Burks,New York Knicks,49,863.497,356.0,115.0,271.0,38.0,49.0,15.0,109.0,55.0,28.0,7.0,37.0,29.0,10489600,278.7,26.569173276388042
Kevin Durant,Phoenix Suns,62,2264.69,1647.0,592.0,1124.0,303.0,361.0,23.0,351.0,263.0,50.0,77.0,104.0,190.0,47649433,1251.6,26.266839313701798
Jae'Sean Tate,Houston Rockets,52,588.11,188.0,70.0,148.0,32.0,47.0,50.0,67.0,47.0,26.0,7.0,82.0,22.0,6500000,170.5,26.23076923076923
Lamar Stevens,Memphis Grizzlies,17,155.535,74.0,29.0,63.0,8.0,11.0,4.0,34.0,8.0,5.0,3.0,15.0,10.0,1930681,50.0,25.897597790624136
Damian Lillard,Milwaukee Bucks,58,2092.87,1447.0,444.0,992.0,362.0,393.0,29.0,243.0,410.0,70.0,10.0,97.0,162.0,45640084,1174.2,25.727384726110497
Stephen Curry,Golden State Warriors,70,2252.45,1718.0,564.0,1258.0,279.0,299.0,40.0,270.0,421.0,80.0,30.0,95.0,200.0,51915615,1321.7,25.458621649767608
Talen Horton-Tucker,Utah Jazz,58,723.695,379.0,133.0,291.0,72.0,98.0,19.0,81.0,83.0,21.0,11.0,59.0,40.0,11020000,278.90000000000003,25.308529945553545
Clint Capela,Atlanta Hawks,55,1176.43,488.0,218.0,390.0,52.0,97.0,174.0,295.0,62.0,34.0,53.0,106.0,47.0,20616000,519.6,25.20372526193248
Kyrie Irving,Dallas Mavericks,50,1803.8,1234.0,447.0,945.0,196.0,214.0,60.0,180.0,231.0,66.0,23.0,101.0,111.0,37037037,932.4999999999998,25.177500025177494
Paul Reed,Philadelphia 76ers,45,437.537,184.0,72.0,142.0,32.0,42.0,40.0,83.0,44.0,39.0,25.0,75.0,26.0,7723000,193.60000000000002,25.067978764728736
Ja Morant,Memphis Grizzlies,50,1519.11,1159.0,404.0,889.0,263.0,319.0,34.0,171.0,364.0,61.0,12.0,113.0,185.0,34005250,845.0,24.84910418244242
Ousmane Dieng,Oklahoma City Thunder,37,404.842,142.0,54.0,125.0,11.0,16.0,18.0,63.0,31.0,17.0,7.0,33.0,18.0,4798440,118.0,24.591325514125423
Rudy Gobert,Minnesota Timberwolves,72,2388.42,866.0,341.0,510.0,184.0,273.0,265.0,520.0,127.0,56.0,104.0,182.0,89.0,41000000,1007.2,24.565853658536586
Mike Conley,Minnesota Timberwolves,71,1755.85,582.0,187.0,468.0,81.0,90.0,32.0,150.0,319.0,79.0,14.0,111.0,75.0,24360000,585.6999999999999,24.04351395730706
Chris Livingston,Milwaukee Bucks,21,105.81,30.0,9.0,27.0,12.0,16.0,10.0,25.0,5.0,5.0,0.0,8.0,6.0,1119563,26.9,24.027232053935325
Jusuf Nurkić,Phoenix Suns,51,1062.83,453.0,168.0,352.0,85.0,128.0,85.0,313.0,115.0,40.0,34.0,130.0,97.0,16875000,405.29999999999995,24.017777777777773
Dejounte Murray,Atlanta Hawks,31,1012.15,542.0,194.0,494.0,102.0,124.0,17.0,183.0,228.0,63.0,12.0,61.0,106.0,18214000,432.4,23.739980234984078
Steven Adams,Houston Rockets,58,794.067,225.0,91.0,167.0,43.0,93.0,166.0,161.0,66.0,22.0,28.0,60.0,54.0,12600000,298.8,23.714285714285715
Jock Landale,Houston Rockets,42,500.023,200.0,81.0,152.0,27.0,40.0,56.0,81.0,37.0,13.0,10.0,49.0,21.0,8000000,189.60000000000002,23.700000000000003
Jonathan Isaac,Orlando Magic,71,1090.02,380.0,134.0,324.0,73.0,107.0,120.0,194.0,40.0,61.0,80.0,90.0,33.0,17400000,411.40000000000003,23.643678160919546
John Collins,Utah Jazz,40,1220.49,758.0,280.0,531.0,139.0,164.0,89.0,238.0,80.0,39.0,40.0,116.0,103.0,25340000,595.6,23.5043409629045
Kyle Kuzma,Washington Wizards,65,1936.42,964.0,370.0,848.0,128.0,202.0,54.0,316.0,152.0,36.0,19.0,119.0,146.0,25568182,583.4999999999999,22.82133317104829
CJ McCollum,New Orleans Pelicans,56,1831.68,1183.0,444.0,1000.0,124.0,173.0,42.0,170.0,227.0,46.0,24.0,124.0,106.0,35802469,787.4999999999998,21.995689738604334
Dario Saric,Golden State Warriors,16,210.383,56.0,21.0,58.0,7.0,10.0,14.0,36.0,23.0,7.0,1.0,19.0,15.0,2019706,44.40000000000001,21.983397583608713
Jimmy Butler III,Miami Heat,55,1746.14,964.0,301.0,597.0,330.0,392.0,125.0,171.0,298.0,77.0,18.0,52.0,74.0,45183960,983.9000000000001,21.775426500908733
Bogdan Bogdanović,Atlanta Hawks,54,1347.66,583.0,210.0,492.0,58.0,66.0,24.0,135.0,146.0,41.0,11.0,127.0,74.0,18700000,402.8000000000001,21.540106951871664
Bruno Fernando,Atlanta Hawks,17,146.58,58.0,26.0,49.0,6.0,8.0,21.0,30.0,18.0,4.0,9.0,27.0,14.0,2581522,55.10000000000001,21.34399784313285
Dariq Whitehead,Brooklyn Nets,20,246.078,114.0,39.0,96.0,3.0,5.0,4.0,25.0,12.0,6.0,1.0,22.0,15.0,2966040,63.20000000000002,21.3078717751615
Richaun Holmes,Washington Wizards,31,534.135,230.0,90.0,139.0,50.0,60.0,62.0,115.0,42.0,9.0,23.0,49.0,21.0,12046020,256.5,21.293340040942983
Terry Rozier,Miami Heat,64,1658.22,679.0,248.0,635.0,92.0,108.0,44.0,194.0,167.0,37.0,14.0,73.0,78.0,22205221,472.79999999999995,21.29228977275209
Tobias Harris,Philadelphia 76ers,73,2305.41,1002.0,384.0,805.0,143.0,166.0,65.0,367.0,162.0,74.0,57.0,138.0,85.0,39270150,825.5999999999998,21.023601896096647
Vasilije Micic,Charlotte Hornets,41,784.908,269.0,95.0,273.0,34.0,41.0,20.0,69.0,128.0,15.0,0.0,45.0,77.0,7723000,157.4,20.3806810824809
Kevin Knox II,Detroit Pistons,14,83.6567,46.0,18.0,36.0,6.0,8.0,7.0,10.0,5.0,2.0,4.0,6.0,4.0,1845593,37.0,20.04775700818111
Monte Morris,Minnesota Timberwolves,45,570.77,233.0,83.0,195.0,36.0,42.0,12.0,55.0,73.0,20.0,3.0,23.0,21.0,9800926,195.2,19.91648544229392
Damion Lee,Phoenix Suns,25,144.018,83.0,27.0,74.0,20.0,21.0,3.0,17.0,11.0,6.0,0.0,6.0,10.0,2528233,50.1,19.816211559614956
MarJon Beauchamp,Milwaukee Bucks,35,156.282,79.0,27.0,65.0,15.0,20.0,11.0,33.0,11.0,4.0,1.0,14.0,15.0,2609400,51.7,19.812983827699856
Pat Connaughton,Milwaukee Bucks,41,602.827,216.0,83.0,177.0,24.0,31.0,19.0,90.0,70.0,9.0,11.0,45.0,24.0,9423869,186.5,19.790173229275577
Reggie Jackson,Denver Nuggets,31,383.992,136.0,52.0,133.0,7.0,9.0,8.0,34.0,45.0,16.0,3.0,34.0,17.0,5000000,97.70000000000002,19.540000000000003
Sidy Cissoko,San Antonio Spurs,22,114.463,32.0,13.0,30.0,3.0,9.0,8.0,13.0,15.0,2.0,1.0,10.0,11.0,1119563,21.5,19.20392153009701
Patrick Baldwin Jr.,Washington Wizards,24,106.748,53.0,19.0,35.0,2.0,4.0,5.0,20.0,3.0,3.0,2.0,7.0,5.0,2337720,43.50000000000001,18.607874339099638
Jalen Hood-Schifino,Los Angeles Lakers,15,314.677,106.0,37.0,98.0,18.0,21.0,3.0,24.0,37.0,5.0,7.0,25.0,18.0,3695040,68.1,18.430111717329176
Landry Shamet,Washington Wizards,50,761.6,286.0,106.0,230.0,12.0,18.0,11.0,50.0,27.0,23.0,2.0,52.0,22.0,10250000,188.19999999999996,18.360975609756093
Kristaps Porziņģis,Boston Celtics,42,1209.96,818.0,277.0,574.0,161.0,199.0,68.0,216.0,87.0,31.0,63.0,116.0,53.0,36016200,660.8,18.347299270883656
Larry Nance Jr.,New Orleans Pelicans,24,463.227,203.0,80.0,155.0,9.0,13.0,23.0,80.0,38.0,20.0,13.0,37.0,16.0,10375000,189.89999999999998,18.303614457831323
Jevon Carter,Chicago Bulls,36,320.573,153.0,55.0,146.0,8.0,10.0,4.0,35.0,40.0,13.0,3.0,15.0,11.0,6190476,111.4,17.995385169088774
Zion Williamson,New Orleans Pelicans,30,857.277,737.0,288.0,508.0,158.0,241.0,76.0,140.0,159.0,37.0,27.0,82.0,90.0,34005250,603.0000000000001,17.73255600238199
Fred VanVleet,Houston Rockets,60,2111.3,844.0,287.0,759.0,111.0,137.0,32.0,189.0,333.0,94.0,25.0,140.0,87.0,40806300,697.8000000000001,17.10030068886422
Jrue Holiday,Boston Celtics,62,1896.07,686.0,254.0,573.0,70.0,77.0,76.0,189.0,239.0,66.0,27.0,101.0,77.0,36861707,628.4,17.04750135418308
Jordan Clarkson,Utah Jazz,37,962.47,600.0,201.0,493.0,114.0,143.0,25.0,93.0,138.0,31.0,9.0,52.0,86.0,23487629,396.19999999999993,16.86845445319321
Jerami Grant,Portland Trail Blazers,47,1523.59,677.0,214.0,574.0,141.0,166.0,26.0,137.0,101.0,41.0,46.0,109.0,65.0,27586207,445.4000000000001,16.14574993945344
Oshae Brissett,Boston Celtics,6,142.242,52.0,19.0,39.0,8.0,14.0,7.0,15.0,4.0,4.0,3.0,14.0,8.0,2165000,34.6,15.981524249422634
Deandre Ayton,Portland Trail Blazers,40,1205.62,576.0,265.0,468.0,40.0,60.0,124.0,282.0,64.0,31.0,39.0,88.0,69.0,32459438,516.6999999999999,15.918328592133973
Stanley Umude,Detroit Pistons,22,85.7767,15.0,5.0,26.0,2.0,4.0,4.0,13.0,4.0,3.0,6.0,8.0,3.0,538460,8.5,15.785759387883964
Klay Thompson,Golden State Warriors,72,1964.57,1005.0,361.0,877.0,67.0,74.0,44.0,202.0,145.0,50.0,30.0,81.0,88.0,43219440,676.2000000000002,15.645737196039564
Markieff Morris,Dallas Mavericks,15,164.433,56.0,21.0,70.0,5.0,6.0,3.0,20.0,21.0,2.0,3.0,16.0,5.0,2019706,30.500000000000007,15.101207799551029
Bradley Beal,Phoenix Suns,53,1702.19,902.0,345.0,694.0,110.0,137.0,34.0,143.0,195.0,58.0,28.0,136.0,99.0,46741590,670.8000000000001,14.351244790774127
Herbert Jones,New Orleans Pelicans,20,648.132,205.0,75.0,172.0,33.0,40.0,22.0,56.0,65.0,37.0,9.0,66.0,35.0,12015150,171.40000000000003,14.265323362588068
Jeff Green,Houston Rockets,32,396.447,172.0,61.0,121.0,21.0,26.0,11.0,47.0,20.0,6.0,4.0,32.0,9.0,9600000,132.50000000000003,13.802083333333337
Kawhi Leonard,LA Clippers,37,1179.96,796.0,310.0,623.0,98.0,121.0,35.0,184.0,116.0,59.0,17.0,56.0,72.0,45640084,612.1000000000001,13.411456473217712
Isaiah Jackson,Indiana Pacers,5,83.88,35.0,14.0,23.0,7.0,14.0,11.0,17.0,5.0,3.0,8.0,14.0,5.0,2696280,36.0,13.351729048911835
Robert Williams III,Portland Trail Blazers,20,351.33,116.0,50.0,78.0,15.0,17.0,35.0,83.0,21.0,13.0,33.0,31.0,17.0,11571429,151.39999999999998,13.083950132693202
Chuma Okeke,Orlando Magic,9,196.68,53.0,20.0,40.0,2.0,3.0,21.0,26.0,15.0,5.0,4.0,5.0,3.0,5266713,68.39999999999999,12.987227517428801
Johnny Davis,Washington Wizards,34,241.658,80.0,32.0,78.0,9.0,15.0,10.0,28.0,11.0,15.0,6.0,18.0,7.0,5050800,63.900000000000006,12.651461154668569
Khris Middleton,Milwaukee Bucks,37,843.182,440.0,160.0,337.0,72.0,84.0,13.0,124.0,150.0,35.0,8.0,75.0,56.0,29320988,369.20000000000005,12.591663009445659
Marcus Smart,Memphis Grizzlies,34,680.34,305.0,101.0,257.0,54.0,71.0,18.0,54.0,109.0,39.0,9.0,53.0,54.0,18833712,233.89999999999998,12.419219323307058
Lonzo Ball,Utah Jazz,35,777.03,267.0,89.0,243.0,22.0,27.0,25.0,93.0,115.0,47.0,17.0,55.0,41.0,20465117,252.3,12.328295020253245
Bruce Brown,Toronto Raptors,41,921.53,340.0,130.0,309.0,53.0,65.0,40.0,124.0,84.0,34.0,10.0,71.0,39.0,22000000,268.50000000000006,12.204545454545457
Matisse Thybulle,Portland Trail Blazers,15,312.282,112.0,42.0,88.0,7.0,15.0,14.0,38.0,28.0,33.0,9.0,14.0,13.0,10500000,125.50000000000003,11.952380952380954
Grant Williams,Charlotte Hornets,16,479.025,166.0,54.0,123.0,31.0,37.0,18.0,64.0,37.0,18.0,13.0,46.0,28.0,12325581,137.49999999999997,11.155660735181568
Paul George,LA Clippers,41,1333.59,665.0,245.0,570.0,79.0,97.0,24.0,195.0,178.0,75.0,20.0,101.0,106.0,45640084,499.30000000000007,10.939944808164684
Malcolm Brogdon,Portland Trail Blazers,24,564.077,305.0,104.0,240.0,81.0,92.0,21.0,70.0,98.0,13.0,5.0,30.0,38.0,22500000,245.0,10.88888888888889
Marvin Bagley III,Washington Wizards,31,265.227,136.0,55.0,106.0,23.0,35.0,38.0,46.0,11.0,9.0,8.0,18.0,12.0,12500000,122.5,9.8
Garrett Temple,Toronto Raptors,28,226.768,53.0,18.0,60.0,11.0,12.0,9.0,20.0,31.0,17.0,2.0,23.0,10.0,5401000,51.000000000000014,9.442695797074618
Kobe Bufkin,Atlanta Hawks,10,123.637,53.0,18.0,47.0,13.0,18.0,5.0,16.0,17.0,3.0,2.0,9.0,8.0,4094280,38.3,9.354514102601676
Gary Harris,Orlando Magic,48,710.71,145.0,51.0,133.0,7.0,12.0,20.0,44.0,30.0,26.0,12.0,45.0,17.0,13000000,117.9,9.069230769230769
Leonard Miller,Minnesota Timberwolves,13,31.595,20.0,6.0,15.0,8.0,8.0,3.0,8.0,0.0,2.0,1.0,2.0,2.0,1800000,16.299999999999997,9.055555555555554
Ben Simmons,Brooklyn Nets,51,1119.69,256.0,116.0,223.0,24.0,33.0,47.0,194.0,285.0,38.0,23.0,107.0,102.0,37893408,342.59999999999997,9.041150376339862
Jae Crowder,Milwaukee Bucks,9,102.762,23.0,7.0,22.0,5.0,6.0,6.0,14.0,6.0,3.0,0.0,10.0,4.0,2019760,17.6,8.713906602764684
Xavier Tillman,Boston Celtics,33,230.903,34.0,13.0,53.0,3.0,4.0,10.0,33.0,7.0,11.0,5.0,18.0,14.0,1930681,16.800000000000008,8.701592857649715
E.J. Liddell,New Orleans Pelicans,12,52.8567,21.0,8.0,15.0,2.0,2.0,3.0,6.0,3.0,1.0,1.0,11.0,2.0,1801769,14.999999999999993,8.325151559384135
Mitchell Robinson,New York Knicks,17,290.123,87.0,37.0,56.0,13.0,19.0,52.0,49.0,13.0,16.0,18.0,26.0,10.0,15681818,128.6,8.200579805224113
Maxi Kleber,Dallas Mavericks,34,636.875,103.0,37.0,96.0,16.0,21.0,25.0,70.0,43.0,9.0,17.0,66.0,23.0,11000000,88.69999999999999,8.063636363636363
Vlatko Čančar,Denver Nuggets,13,135.828,24.0,10.0,26.0,0.0,0.0,6.0,26.0,9.0,3.0,2.0,10.0,11.0,2234359,17.5,7.832223917463577
Chris Duarte,Sacramento Kings,17,74.4683,36.0,12.0,26.0,6.0,8.0,5.0,15.0,9.0,0.0,0.0,7.0,1.0,4124400,32.3,7.83144214916109
Brandon Ingram,New Orleans Pelicans,18,595.032,400.0,155.0,333.0,47.0,55.0,17.0,83.0,93.0,16.0,11.0,45.0,69.0,33833400,264.3,7.811807267374843
Josh Christopher,Miami Heat,14,69.35,28.0,11.0,31.0,4.0,6.0,0.0,9.0,8.0,5.0,3.0,2.0,6.0,2485200,18.499999999999996,7.444068887815869
Joel Embiid,Philadelphia 76ers,19,574.393,452.0,140.0,315.0,149.0,169.0,36.0,119.0,85.0,14.0,18.0,42.0,62.0,46900000,347.7,7.4136460554371
Killian Hayes,Detroit Pistons,6,162.333,54.0,18.0,43.0,10.0,12.0,5.0,13.0,31.0,4.0,4.0,13.0,9.0,7413955,52.0,7.013800326546358
Josh Richardson,Miami Heat,8,149.49,32.0,11.0,38.0,4.0,4.0,6.0,6.0,12.0,8.0,1.0,17.0,8.0,2891467,18.100000000000005,6.259798226989969
Doug McDermott,Indiana Pacers,42,341.652,147.0,50.0,117.0,3.0,5.0,3.0,19.0,7.0,4.0,2.0,30.0,6.0,13750000,84.40000000000002,6.1381818181818195
De'Anthony Melton,Philadelphia 76ers,6,120.983,62.0,22.0,54.0,5.0,8.0,6.0,14.0,17.0,7.0,2.0,18.0,10.0,8000000,43.3,5.4125
Malachi Flynn,Detroit Pistons,4,43.68,16.0,5.0,13.0,5.0,6.0,3.0,4.0,7.0,3.0,0.0,4.0,4.0,3873025,14.099999999999998,3.6405651912910444
PJ Dozier,Minnesota Timberwolves,9,34.9167,7.0,2.0,3.0,1.0,6.0,1.0,4.0,5.0,1.0,0.0,3.0,1.0,2413304,7.900000000000002,3.2735204516297993
Markelle Fultz,Orlando Magic,21,184.058,61.0,28.0,67.0,1.0,1.0,6.0,14.0,27.0,10.0,2.0,12.0,15.0,17000000,44.2,2.6
Taylor Hendricks,Utah Jazz,3,74.5167,14.0,4.0,18.0,3.0,4.0,5.0,10.0,2.0,5.0,4.0,8.0,2.0,5569920,13.100000000000001,2.3519188785476275
James Johnson,Indiana Pacers,12,36.6167,8.0,4.0,11.0,0.0,1.0,0.0,6.0,4.0,0.0,2.0,5.0,4.0,777703,1.5,1.9287568647671411
Bryce McGowens,Charlotte Hornets,13,32.0167,13.0,4.0,14.0,5.0,6.0,2.0,1.0,2.0,1.0,0.0,3.0,4.0,1719865,3.3,1.9187552511388974
Joe Ingles,Orlando Magic,19,114.087,15.0,6.0,23.0,0.0,0.0,2.0,9.0,23.0,2.0,0.0,12.0,9.0,11000000,9.7,0.8818181818181817
Terry Taylor,Chicago Bulls,3,6.33333,0.0,0.0,1.0,0.0,0.0,1.0,0.0,2.0,0.0,0.0,0.0,0.0,2019706,1.4,0.6931701940777519
P.J. Tucker,LA Clippers,3,57.8683,9.0,3.0,7.0,0.0,0.0,4.0,4.0,0.0,1.0,1.0,8.0,1.0,11014500,6.799999999999998,0.6173680148894637
Jalen McDaniels,Toronto Raptors,4,7.335,0.0,0.0,0.0,0.0,0.0,0.0,0.0,1.0,1.0,0.0,0.0,0.0,4516000,1.7,0.37643932683790965
James Wiseman,Detroit Pistons,1,4.63333,6.0,2.0,4.0,2.0,2.0,0.0,1.0,0.0,0.0,0.0,0.0,0.0,12119400,4.3,0.3548030430549367
